run_id,machine_id,product_name,start_time,end_time,units_produced,units_defective
1,1,Product-4,2026-08-04T09:45:02.116993,2026-08-04T11:54:51.959114,298,4
2,1,Product-4,2026-08-02T19:55:15.105059,2026-08-02T22:55:59.993336,316,7
3,1,Product-2,2026-08-11T02:14:29.166765,2026-08-11T03:29:59.582266,73,1
4,1,Product-4,2026-08-06T13:04:50.401444,2026-08-06T15:41:53.758070,358,2
5,1,Product-4,2026-07-18T04:44:32.407244,2026-07-18T06:18:09.839656,459,13
6,1,Product-3,2026-07-18T02:11:32.415103,2026-07-18T05:05:55.282564,216,1
7,1,Product-3,2026-07-18T17:08:17.232753,2026-07-18T19:42:26.200979,245,4
8,1,Product-5,2026-08-12T21:06:15.557638,2026-08-13T00:46:52.833750,86,1
9,1,Product-4,2026-08-03T02:00:52.300192,2026-08-03T03:35:55.381419,166,1
10,1,Product-1,2026-07-19T10:36:42.224160,2026-07-19T11:54:58.642183,269,11
11,1,Product-1,2026-08-09T02:30:15.589268,2026-08-09T03:47:54.899703,121,2
12,1,Product-5,2026-07-18T20:58:56.356417,2026-07-19T00:57:47.456742,199,8
13,1,Product-1,2026-08-01T08:06:21.173071,2026-08-01T10:46:41.151558,104,3
14,1,Product-3,2026-07-25T22:26:03.038701,2026-07-26T00:37:43.962468,463,13
15,1,Product-1,2026-08-06T07:43:41.230184,2026-08-06T09:16:07.811285,138,6
16,1,Product-4,2026-07-24T06:45:54.190453,2026-07-24T08:51:17.359141,378,5
17,1,Product-3,2026-07-24T01:23:47.338522,2026-07-24T03:01:48.121361,445,20
18,1,Product-2,2026-07-26T21:11:21.522065,2026-07-27T00:36:12.938291,406,14
19,1,Product-3,2026-07-20T22:09:50.338132,2026-07-21T00:29:58.064795,174,6
20,1,Product-1,2026-07-26T16:18:05.361038,2026-07-26T17:38:48.635240,252,9
21,2,Product-4,2026-07-16T22:55:22.457752,2026-07-17T00:26:46.884068,438,3
22,2,Product-4,2026-08-02T12:06:23.310334,2026-08-02T15:55:00.950896,269,2
23,2,Product-1,2026-07-21T23:20:02.193700,2026-07-22T01:29:28.643103,123,0
24,2,Product-2,2026-07-24T23:56:27.189383,2026-07-25T03:32:11.710140,207,6
25,2,Product-4,2026-08-03T03:20:37.101201,2026-08-03T06:09:17.752908,373,6
26,2,Product-3,2026-08-02T22:46:11.554805,2026-08-02T23:59:10.091277,65,3
27,2,Product-5,2026-07-22T07:03:26.333024,2026-07-22T09:35:14.906104,238,11
28,2,Product-3,2026-08-07T04:52:24.261401,2026-08-07T07:00:32.457322,127,3
29,2,Product-3,2026-08-03T07:59:37.496134,2026-08-03T10:47:06.098155,112,1
30,2,Product-2,2026-08-07T14:24:58.646208,2026-08-07T17:27:28.805388,251,8
31,2,Product-2,2026-07-27T23:31:15.440486,2026-07-28T03:27:47.845886,234,8
32,2,Product-3,2026-08-02T00:00:30.225374,2026-08-02T03:26:23.348786,120,4
33,2,Product-3,2026-07-28T21:33:57.508325,2026-07-29T01:32:32.415357,378,10
34,2,Product-2,2026-07-30T15:32:40.876692,2026-07-30T19:08:29.203011,489,7
35,2,Product-5,2026-08-11T23:32:22.920711,2026-08-12T01:45:23.231523,361,1
36,2,Product-3,2026-07-20T01:56:06.833579,2026-07-20T05:00:48.460694,395,1
37,2,Product-2,2026-08-10T20:40:36.479190,2026-08-10T23:59:07.809425,431,6
38,2,Product-5,2026-08-07T05:02:43.417614,2026-08-07T08:38:39.316081,279,12
39,2,Product-1,2026-07-27T21:54:34.121805,2026-07-28T01:13:16.016084,413,1
40,2,Product-4,2026-08-10T18:20:30.569431,2026-08-10T21:41:48.572304,116,0
41,3,Product-1,2026-07-20T01:12:05.481996,2026-07-20T03:34:16.883622,352,4
42,3,Product-5,2026-07-27T16:24:31.331968,2026-07-27T19:13:55.534835,394,17
43,3,Product-3,2026-07-27T03:14:38.007751,2026-07-27T05:01:22.001946,172,2
44,3,Product-2,2026-08-05T16:56:21.717741,2026-08-05T18:56:23.548827,331,16
45,3,Product-3,2026-08-13T10:15:37.421302,2026-08-13T12:57:23.837348,72,0
46,3,Product-5,2026-07-27T10:16:13.869569,2026-07-27T13:11:06.897410,304,12
47,3,Product-1,2026-07-21T01:25:01.182781,2026-07-21T04:11:04.577180,270,2
48,3,Product-4,2026-07-31T09:23:42.940318,2026-07-31T11:19:45.825713,415,10
49,3,Product-4,2026-08-07T05:45:45.889545,2026-08-07T08:13:24.653633,286,6
50,3,Product-1,2026-07-29T13:49:03.796026,2026-07-29T15:18:49.574548,123,3
51,3,Product-5,2026-07-31T17:25:44.843882,2026-07-31T20:24:33.626296,294,5
52,3,Product-4,2026-07-21T06:30:33.340361,2026-07-21T10:10:38.346473,451,20
53,3,Product-5,2026-07-29T12:52:14.247011,2026-07-29T14:37:17.870793,245,2
54,3,Product-4,2026-07-17T04:02:53.343163,2026-07-17T05:29:45.418614,158,5
55,3,Product-3,2026-08-03T00:51:04.108909,2026-08-03T04:48:31.621819,450,7
56,3,Product-2,2026-07-22T12:22:03.132005,2026-07-22T14:42:57.259910,169,6
57,3,Product-1,2026-07-17T15:00:53.946578,2026-07-17T16:25:45.482056,119,4
58,3,Product-4,2026-08-08T06:47:50.997242,2026-08-08T07:57:28.354484,106,0
59,3,Product-1,2026-08-11T04:32:50.579712,2026-08-11T06:12:05.518277,284,11
60,3,Product-3,2026-08-11T16:41:07.396755,2026-08-11T20:27:01.069856,170,2
61,4,Product-4,2026-08-05T07:10:19.142569,2026-08-05T10:57:34.589960,57,1
62,4,Product-5,2026-08-08T01:04:42.899592,2026-08-08T03:15:47.326999,133,2
63,4,Product-3,2026-07-30T19:27:47.249529,2026-07-30T22:06:18.916031,122,4
64,4,Product-1,2026-07-31T15:35:03.260431,2026-07-31T16:56:06.801193,90,1
65,4,Product-2,2026-08-03T05:30:23.389611,2026-08-03T08:53:29.290846,330,0
66,4,Product-1,2026-08-08T20:53:26.795241,2026-08-08T22:36:35.001641,385,15
67,4,Product-4,2026-07-17T17:19:28.634767,2026-07-17T18:45:59.946602,470,5
68,4,Product-4,2026-07-15T03:50:06.472251,2026-07-15T06:43:09.517017,463,7
69,4,Product-2,2026-07-23T07:19:13.586406,2026-07-23T09:57:38.671784,118,1
70,4,Product-3,2026-08-11T22:07:54.695596,2026-08-12T01:32:01.778818,143,5
71,4,Product-2,2026-07-31T09:26:39.410529,2026-07-31T13:16:12.794932,253,6
72,4,Product-2,2026-07-18T13:08:36.146469,2026-07-18T16:42:46.821138,161,1
73,4,Product-1,2026-08-03T14:48:32.054566,2026-08-03T17:21:00.180894,322,15
74,4,Product-1,2026-08-01T15:03:26.968198,2026-08-01T18:34:19.972589,134,3
75,4,Product-5,2026-08-11T02:10:46.222110,2026-08-11T04:57:21.642635,257,8
76,4,Product-2,2026-07-30T18:34:55.083807,2026-07-30T21:51:00.640728,424,6
77,4,Product-2,2026-08-02T09:28:00.116655,2026-08-02T12:52:23.435732,177,7
78,4,Product-5,2026-07-20T12:03:06.949011,2026-07-20T15:58:54.504403,201,2
79,4,Product-3,2026-08-03T11:14:58.620768,2026-08-03T13:19:19.654178,446,7
80,4,Product-1,2026-07-17T06:03:42.369200,2026-07-17T09:58:58.450077,451,7
81,5,Product-4,2026-07-31T12:39:09.700435,2026-07-31T15:03:42.899926,55,0
82,5,Product-2,2026-07-19T10:48:31.858434,2026-07-19T11:53:21.607060,136,0
83,5,Product-5,2026-07-18T21:28:50.316866,2026-07-19T00:11:34.619575,476,6
84,5,Product-1,2026-07-25T21:33:49.967711,2026-07-25T23:30:57.973084,255,6
85,5,Product-5,2026-07-21T17:02:50.673388,2026-07-21T19:46:38.575596,380,17
86,5,Product-3,2026-07-30T19:54:38.721331,2026-07-30T23:18:03.049681,139,5
87,5,Product-5,2026-07-24T06:17:46.908742,2026-07-24T08:17:41.331442,169,6
88,5,Product-2,2026-07-24T07:09:55.971868,2026-07-24T10:18:56.831713,464,2
89,5,Product-5,2026-08-12T02:55:25.595999,2026-08-12T05:10:55.819659,497,21
90,5,Product-4,2026-07-29T11:03:34.463599,2026-07-29T12:57:14.224664,474,4
91,5,Product-4,2026-07-28T23:11:28.506113,2026-07-29T00:57:18.192934,100,1
92,5,Product-2,2026-07-25T04:53:25.410382,2026-07-25T06:26:57.269823,275,6
93,5,Product-5,2026-07-15T12:53:16.759941,2026-07-15T16:22:05.267362,482,10
94,5,Product-5,2026-07-20T23:55:38.149416,2026-07-21T01:30:11.865887,432,21
95,5,Product-5,2026-07-28T10:17:34.015313,2026-07-28T13:42:55.615630,391,6
96,5,Product-2,2026-08-02T11:37:42.905967,2026-08-02T13:35:43.335443,353,9
97,5,Product-3,2026-07-18T23:29:33.041712,2026-07-19T02:37:42.314379,145,2
98,5,Product-2,2026-08-11T14:32:38.217177,2026-08-11T17:29:48.689551,192,5
99,5,Product-3,2026-07-26T04:32:46.807826,2026-07-26T05:35:53.859223,429,19
100,5,Product-2,2026-08-03T23:41:14.249894,2026-08-04T01:33:00.406512,219,3
101,6,Product-5,2026-07-20T00:37:36.848838,2026-07-20T04:02:03.118897,275,6
102,6,Product-3,2026-07-15T16:33:42.102939,2026-07-15T18:53:12.359600,146,2
103,6,Product-3,2026-07-22T16:18:48.743625,2026-07-22T18:13:05.017893,496,22
104,6,Product-4,2026-07-28T22:45:51.433718,2026-07-29T00:58:59.960760,246,7
105,6,Product-1,2026-07-31T05:36:03.524874,2026-07-31T08:44:05.576509,445,8
106,6,Product-4,2026-08-09T12:14:04.728473,2026-08-09T13:20:18.511269,229,8
107,6,Product-4,2026-07-30T10:58:01.800836,2026-07-30T12:50:38.054247,385,19
108,6,Product-3,2026-07-25T19:56:26.514116,2026-07-25T22:49:54.689825,385,18
109,6,Product-1,2026-08-02T15:44:56.390311,2026-08-02T17:08:37.040116,391,11
110,6,Product-2,2026-08-12T11:46:50.985431,2026-08-12T15:02:41.582681,437,21
111,6,Product-3,2026-07-21T21:28:01.983265,2026-07-22T00:06:56.579247,191,2
112,6,Product-1,2026-07-27T02:50:21.360223,2026-07-27T05:10:39.747069,241,1
113,6,Product-4,2026-07-22T15:22:08.421878,2026-07-22T17:22:27.429810,79,1
114,6,Product-2,2026-08-10T09:32:16.765381,2026-08-10T12:40:06.041390,55,0
115,6,Product-2,2026-07-19T03:07:01.888429,2026-07-19T05:13:22.492766,292,3
116,6,Product-3,2026-08-09T05:18:04.991403,2026-08-09T08:53:03.165062,338,8
117,6,Product-5,2026-08-05T13:50:05.606880,2026-08-05T14:54:08.504509,201,4
118,6,Product-2,2026-08-08T21:40:01.343247,2026-08-08T22:41:51.745772,181,8
119,6,Product-5,2026-08-02T18:35:45.809021,2026-08-02T21:18:26.576898,303,6
120,6,Product-1,2026-07-26T01:10:54.953661,2026-07-26T02:30:18.697134,491,4
121,3,Product-399,2026-08-13T14:49:36.387686,2026-08-13T14:50:51.029620,104,1
122,5,Product-862,2026-08-13T14:49:36.387686,2026-08-13T14:50:51.029620,125,0
123,4,Product-373,2026-08-13T14:49:44.469251,2026-08-13T14:50:59.073294,110,2
124,6,Product-260,2026-08-13T14:49:44.469251,2026-08-13T14:50:55.044588,104,1
125,2,Product-346,2026-08-13T14:49:50.543190,2026-08-13T14:51:05.127632,108,0
126,1,Product-841,2026-08-13T14:50:08.678713,2026-08-13T14:51:29.339276,119,0
127,6,Product-713,2026-08-13T14:50:57.065472,2026-08-13T14:52:11.771492,119,0
128,5,Product-535,2026-08-13T14:51:05.127632,2026-08-13T14:52:11.771492,91,0
129,3,Product-774,2026-08-13T14:51:09.156709,2026-08-13T14:52:29.891031,111,2
130,4,Product-578,2026-08-13T14:51:15.202714,2026-08-13T14:52:23.869553,100,0
131,1,Product-106,2026-08-13T14:51:31.358584,2026-08-13T14:52:50.054280,114,0
132,2,Product-444,2026-08-13T14:51:43.459058,2026-08-13T14:52:50.054280,104,1
133,5,Product-537,2026-08-13T14:52:17.826470,2026-08-13T14:53:34.493997,114,0
134,6,Product-796,2026-08-13T14:52:25.876695,2026-08-13T14:53:56.702863,138,0
135,3,Product-950,2026-08-13T14:52:39.956494,2026-08-13T14:53:58.710094,108,0
136,4,Product-114,2026-08-13T14:52:41.976793,2026-08-13T14:53:58.710094,110,0
137,2,Product-810,2026-08-13T14:53:20.372643,2026-08-13T14:54:31.007639,96,0
138,5,Product-565,2026-08-13T14:54:00.730993,2026-08-13T14:55:11.325174,105,1
139,3,Product-244,2026-08-13T14:54:02.771753,2026-08-13T14:55:15.354386,112,0
140,6,Product-548,2026-08-13T14:54:14.875615,2026-08-13T14:55:17.377221,86,1
141,4,Product-792,2026-08-13T14:54:33.027851,2026-08-13T14:55:47.667069,98,0
142,1,Product-665,2026-08-13T14:54:43.119173,2026-08-13T14:55:49.688632,98,1
143,2,Product-999,2026-08-13T14:54:45.126293,2026-08-13T14:55:55.749087,116,0
144,3,Product-174,2026-08-13T14:55:17.377221,2026-08-13T14:56:38.108769,139,0
145,6,Product-737,2026-08-13T14:55:19.408965,2026-08-13T14:56:38.108769,111,0
146,5,Product-499,2026-08-13T14:55:27.470396,2026-08-13T14:56:46.179163,122,0
147,2,Product-559,2026-08-13T14:56:11.890492,2026-08-13T14:57:30.590857,129,0
148,4,Product-780,2026-08-13T14:56:11.890492,2026-08-13T14:57:28.569651,121,0
149,1,Product-318,2026-08-13T14:56:15.919383,2026-08-13T14:57:24.527940,107,0
150,3,Product-300,2026-08-13T14:56:48.187762,2026-08-13T15:13:59.611137,92,1
151,1,Product-580,2026-08-13T14:57:30.590857,2026-08-13T15:34:10.333565,86,0
152,6,Product-374,2026-08-13T14:57:30.590857,2026-08-13T15:34:12.350891,96,0
153,2,Product-958,2026-08-13T14:57:38.641026,2026-08-13T15:34:18.404203,112,0
154,4,Product-472,2026-08-13T15:23:37.796039,2026-08-13T15:34:36.568327,98,1
155,5,Product-395,2026-08-13T15:33:35.228956,,,
156,3,Product-663,2026-08-13T15:33:44.013282,,,
157,1,Product-731,2026-08-13T15:34:16.394004,,,
158,2,Product-878,2026-08-13T15:34:30.531232,,,
159,4,Product-155,2026-08-13T15:34:42.620964,,,
160,6,Product-351,2026-08-13T15:34:42.620964,,,
161,3,Product-860,2026-08-14T00:27:59.480419,2026-08-14T00:29:17.938967,118,2
162,4,Product-570,2026-08-14T00:28:01.487439,2026-08-14T00:29:03.877454,85,0
163,1,Product-189,2026-08-14T00:28:03.496625,2026-08-14T00:29:17.938967,116,0
164,6,Product-843,2026-08-14T00:28:13.534383,2026-08-14T00:29:17.938967,98,2
165,2,Product-814,2026-08-14T00:28:35.707318,2026-08-14T00:29:40.062690,102,0
166,5,Product-949,2026-08-14T00:28:51.795495,2026-08-14T00:30:02.214398,96,0
167,6,Product-837,2026-08-14T00:29:19.946277,2026-08-14T00:30:36.473469,118,1
168,4,Product-192,2026-08-14T00:29:21.952795,2026-08-14T00:30:28.381621,99,0
169,1,Product-342,2026-08-14T00:29:34.041541,2026-08-14T00:30:40.518532,100,0
170,3,Product-368,2026-08-14T00:30:02.214398,2026-08-14T00:31:14.737495,110,0
171,6,Product-755,2026-08-14T00:30:38.497621,2026-08-14T00:31:57.057215,113,0
172,2,Product-180,2026-08-14T00:30:40.518532,2026-08-14T00:31:48.985085,112,0
173,4,Product-987,2026-08-14T00:30:40.518532,2026-08-14T00:31:55.035678,118,0
174,1,Product-342,2026-08-14T00:30:54.614161,2026-08-14T00:32:15.243984,119,0
175,3,Product-259,2026-08-14T00:31:32.868513,2026-08-14T00:32:39.496289,106,1
176,5,Product-762,2026-08-14T00:31:38.903602,2026-08-14T00:32:57.730876,121,0
177,2,Product-923,2026-08-14T00:31:57.057215,2026-08-14T00:33:11.882772,114,0
178,6,Product-975,2026-08-14T00:32:05.153088,2026-08-14T00:33:28.053788,121,1
179,4,Product-886,2026-08-14T00:32:11.193324,2026-08-14T00:33:24.025048,100,0
180,1,Product-139,2026-08-14T00:32:27.333614,2026-08-14T00:33:48.266462,113,2
181,3,Product-251,2026-08-14T00:32:45.592584,2026-08-14T00:33:54.341319,103,0
182,5,Product-854,2026-08-14T00:33:17.954978,2026-08-14T00:34:28.590107,94,2
183,4,Product-672,2026-08-14T00:33:36.104350,2026-08-14T00:35:02.841870,129,0
184,6,Product-173,2026-08-14T00:33:40.149069,2026-08-14T00:34:58.822982,113,0
185,2,Product-283,2026-08-14T00:34:00.396699,2026-08-14T00:35:08.872324,101,0
186,3,Product-266,2026-08-14T00:34:36.653509,2026-08-14T00:35:53.245639,95,1
187,1,Product-888,2026-08-14T00:34:38.660514,2026-08-14T00:35:51.236541,101,0
188,5,Product-287,2026-08-14T00:34:42.692899,2026-08-14T00:35:49.215410,104,1
189,4,Product-437,2026-08-14T00:35:08.872324,,,
190,2,Product-245,2026-08-14T00:35:16.952415,,,
191,6,Product-703,2026-08-14T00:35:20.991015,,,
192,1,Product-677,2026-08-14T00:35:59.283045,,,
193,5,Product-584,2026-08-14T00:36:42.023404,,,
194,3,Product-193,2026-08-14T00:36:57.022253,,,
195,4,Product-283,2026-08-14T00:39:16.444960,2026-08-14T00:40:35.029222,123,0
196,2,Product-790,2026-08-14T00:39:26.523941,2026-08-14T00:40:49.147901,130,0
197,5,Product-507,2026-08-14T00:39:28.531852,2026-08-14T00:40:35.029222,100,2
198,1,Product-966,2026-08-14T00:39:52.696648,2026-08-14T00:41:07.285688,110,0
199,6,Product-111,2026-08-14T00:40:02.751316,2026-08-14T00:41:07.285688,104,0
200,3,Product-804,2026-08-14T00:40:20.897443,,,
201,4,Product-559,2026-08-14T00:40:55.194302,,,
202,6,Product-291,2026-08-14T00:41:11.318928,,,
203,1,Product-128,2026-08-14T00:41:22.073887,,,
204,2,Product-382,2026-08-14T00:41:36.176779,,,
205,5,Product-797,2026-08-14T00:41:52.243985,,,
206,2,Product-919,2026-08-14T00:43:19.009279,2026-08-14T00:44:43.766747,142,0
207,4,Product-296,2026-08-14T00:43:21.016102,2026-08-14T00:44:35.669879,111,2
208,5,Product-926,2026-08-14T00:43:29.071750,2026-08-14T00:44:41.743275,112,0
209,6,Product-757,2026-08-14T00:43:33.105713,2026-08-14T00:44:47.796321,109,0
210,3,Product-319,2026-08-14T00:43:39.161528,2026-08-14T00:44:55.870289,113,2
211,1,Product-448,2026-08-14T00:43:43.222880,2026-08-14T00:45:12.001119,133,0
212,4,Product-427,2026-08-14T00:44:47.796321,2026-08-14T00:45:58.344668,95,0
213,2,Product-432,2026-08-14T00:44:49.816752,2026-08-14T00:45:58.344668,104,0
214,5,Product-258,2026-08-14T00:44:49.816752,2026-08-14T00:46:04.394193,111,1
215,6,Product-436,2026-08-14T00:44:57.891330,2026-08-14T00:46:00.366566,92,0
216,3,Product-809,2026-08-14T00:44:59.899316,2026-08-14T00:46:10.427470,121,0
217,3,Product-674,2026-08-14T00:45:47.645467,2026-08-14T00:46:58.234196,89,1
218,6,Product-560,2026-08-14T00:45:49.664597,2026-08-14T00:47:00.255906,97,1
219,1,Product-599,2026-08-14T00:45:52.294475,2026-08-14T00:47:06.918664,107,0
220,2,Product-849,2026-08-14T00:46:13.859434,2026-08-14T00:47:26.520807,102,0
221,5,Product-540,2026-08-14T00:46:14.467788,2026-08-14T00:47:29.111704,119,2
222,5,Product-997,2026-08-14T00:46:19.917700,2026-08-14T00:47:26.520807,93,0
223,4,Product-496,2026-08-14T00:46:23.956277,2026-08-14T00:47:40.607207,115,0
224,6,Product-300,2026-08-14T00:46:24.562076,2026-08-14T00:47:39.202628,108,1
225,3,Product-109,2026-08-14T00:46:28.574457,2026-08-14T00:47:49.313055,126,0
226,2,Product-398,2026-08-14T00:46:36.632283,2026-08-14T00:47:53.356189,110,0
227,4,Product-870,2026-08-14T00:46:56.791711,2026-08-14T00:48:15.585845,112,1
228,6,Product-378,2026-08-14T00:47:04.293926,2026-08-14T00:48:06.854622,86,0
229,3,Product-988,2026-08-14T00:47:10.374208,2026-08-14T00:48:23.035135,99,1
230,2,Product-481,2026-08-14T00:47:34.573880,2026-08-14T00:48:49.323900,94,0
231,5,Product-481,2026-08-14T00:47:41.222856,2026-08-14T00:48:49.913140,94,1
232,5,Product-662,2026-08-14T00:47:42.632306,2026-08-14T00:49:07.533364,114,0
233,2,Product-657,2026-08-14T00:47:55.376761,2026-08-14T00:49:08.109474,109,0
234,6,Product-613,2026-08-14T00:47:55.376761,2026-08-14T00:49:08.109474,99,1
235,4,Product-427,2026-08-14T00:47:56.751389,2026-08-14T00:49:13.566157,126,0
236,1,Product-287,2026-08-14T00:48:10.907954,2026-08-14T00:49:19.617917,109,0
237,3,Product-525,2026-08-14T00:48:15.585845,2026-08-14T00:49:20.164845,100,0
238,1,Product-916,2026-08-14T00:48:17.591688,2026-08-14T00:49:30.289019,116,1
239,4,Product-256,2026-08-14T00:48:17.591688,2026-08-14T00:49:42.399186,133,0
240,6,Product-882,2026-08-14T00:48:25.069418,2026-08-14T00:49:33.732779,116,0
241,3,Product-460,2026-08-14T00:48:49.323900,2026-08-14T00:50:14.119019,137,0
242,5,Product-259,2026-08-14T00:48:51.933198,2026-08-14T00:49:58.565580,87,1
243,2,Product-762,2026-08-14T00:49:03.507315,2026-08-14T00:50:20.159126,119,0
244,6,Product-813,2026-08-14T00:49:10.129710,2026-08-14T00:50:28.813579,106,0
245,2,Product-583,2026-08-14T00:49:22.185568,2026-08-14T00:50:30.845752,93,1
246,3,Product-254,2026-08-14T00:49:26.229333,2026-08-14T00:50:36.903591,106,1
247,1,Product-186,2026-08-14T00:49:29.695541,2026-08-14T00:50:44.412392,114,1
248,5,Product-420,2026-08-14T00:49:29.695541,2026-08-14T00:50:48.454067,125,0
249,4,Product-119,2026-08-14T00:49:33.732779,2026-08-14T00:50:38.341838,99,1
250,1,Product-978,2026-08-14T00:49:36.339828,2026-08-14T00:50:44.992456,89,1
251,6,Product-870,2026-08-14T00:49:51.919935,2026-08-14T00:51:08.733229,119,1
252,6,Product-115,2026-08-14T00:50:30.845752,2026-08-14T00:51:57.712330,112,0
253,3,Product-443,2026-08-14T00:50:32.283993,2026-08-14T00:51:45.079946,132,0
254,5,Product-832,2026-08-14T00:50:32.865516,2026-08-14T00:51:55.683187,117,1
255,2,Product-830,2026-08-14T00:50:34.305704,2026-08-14T00:51:51.148343,132,0
256,4,Product-328,2026-08-14T00:50:36.903591,2026-08-14T00:51:53.675816,108,0
257,3,Product-469,2026-08-14T00:50:44.992456,2026-08-14T00:52:01.739931,112,0
258,1,Product-171,2026-08-14T00:50:50.483513,2026-08-14T00:51:59.228011,102,0
259,2,Product-219,2026-08-14T00:50:51.040101,2026-08-14T00:52:13.833698,124,0
260,4,Product-275,2026-08-14T00:51:10.740699,2026-08-14T00:52:21.406849,98,0
261,5,Product-741,2026-08-14T00:51:16.797215,2026-08-14T00:52:39.613780,139,0
262,1,Product-401,2026-08-14T00:51:17.276681,2026-08-14T00:52:25.981565,92,1
263,6,Product-517,2026-08-14T00:51:43.059986,2026-08-14T00:53:05.890204,121,1
264,3,Product-189,2026-08-14T00:51:47.099654,2026-08-14T00:53:01.863333,100,0
265,5,Product-547,2026-08-14T00:52:01.739931,2026-08-14T00:53:12.454595,107,0
266,1,Product-785,2026-08-14T00:52:05.296050,2026-08-14T00:53:13.944225,95,0
267,4,Product-890,2026-08-14T00:52:05.781059,2026-08-14T00:53:18.521353,91,0
268,3,Product-191,2026-08-14T00:52:15.864086,2026-08-14T00:53:38.718753,135,0
269,2,Product-913,2026-08-14T00:52:21.406849,2026-08-14T00:53:34.081042,102,1
270,6,Product-351,2026-08-14T00:52:21.934883,2026-08-14T00:53:40.757573,119,0
271,2,Product-163,2026-08-14T00:52:28.007592,2026-08-14T00:53:36.699334,108,0
272,4,Product-958,2026-08-14T00:52:35.572204,,,
273,5,Product-346,2026-08-14T00:52:49.728666,,,
274,1,Product-711,2026-08-14T00:52:54.280320,,,
275,5,Product-382,2026-08-14T00:53:22.534806,,,
276,4,Product-482,2026-08-14T00:53:24.554887,,,
277,3,Product-567,2026-08-14T00:53:28.040080,,,
278,6,Product-407,2026-08-14T00:53:28.040080,,,
279,1,Product-366,2026-08-14T00:53:32.060097,,,
280,3,Product-494,2026-08-14T00:53:42.777530,,,
281,6,Product-592,2026-08-14T00:53:44.804090,,,
282,2,Product-424,2026-08-14T03:08:38.758047,,,
